gk_20261010_telangana_1	సింథటిక్ మాంజా ప్రమాదాలపై అవగాహన. అక్టోబర్ 9న జరిగిన సమీక్షలో నిషేధిత సింథటిక్ మాంజా అమ్మకాలను అరికట్టాలని తెలంగాణ అటవీ అధికారులు ఆదేశించినట్లు ఐఏఎన్‌ఎస్ వార్తను ఎడెక్స్‌లైవ్ ప్రచురించింది. విద్యార్థులు, తల్లిదండ్రులకు ఈ గాలిపటం దారం వల్ల మనుషులకు, పక్షులకు కలిగే ప్రమాదాలపై అవగాహన కల్పించాలని సూచించారు. ఇది అధికారుల ఆదేశాల నివేదిక; అన్ని అమ్మకాలు ఇప్పటికే ఆగిపోయాయని నిర్ధారణ కాదు.
gk_20261010_telangana_1__en	Awareness of synthetic manja dangers. EdexLive published an IANS report that Telangana forest officials directed action against the sale of prohibited synthetic manja at an October 9 review. They asked for student and parent awareness of the dangers this kite string poses to people and birds. This reports official instructions, not proof that every sale has already stopped.
gk_20261010_india_1	సమాజ ప్రయోజనం కోసం ఏఐ వర్క్‌షాప్. అక్టోబర్ 9న న్యూఢిల్లీలో ఇండియా మొబైల్ కాంగ్రెస్‌లో ఏఐ ఫర్ గుడ్ ల్యాబ్ వర్క్‌షాప్ ప్రారంభమైనట్లు పీఐబీ తెలిపింది. టెలికమ్యూనికేషన్స్ విభాగం, ఇంటర్నేషనల్ టెలికమ్యూనికేషన్ యూనియన్ సంయుక్తంగా కార్యక్రమాన్ని నిర్వహించాయి. ఏఐ విధాన సన్నద్ధత, నైపుణ్యాల అభివృద్ధి, ప్రజా ఏఐ మౌలిక సదుపాయాలు అనే మూడు అంశాలపై దృష్టి పెట్టారు. వర్క్‌షాప్ జరగడం వల్ల ప్రతి పరిష్కారం ఇప్పటికే అమలైందని కాదు.
gk_20261010_india_1__en	AI for Good workshop. PIB reported that an AI for Good Lab workshop opened at the India Mobile Congress in New Delhi on October 9. The Department of Telecommunications and the International Telecommunication Union organised it jointly. Its framework covers AI readiness and policy, skills development, and public AI infrastructure. Holding a workshop does not mean every proposed solution is already deployed.
gk_20261010_world_1	2026 నోబెల్ శాంతి బహుమతి. అక్టోబర్ 9న నార్వేజియన్ నోబెల్ కమిటీ 2026 నోబెల్ శాంతి బహుమతిని నవనేతమ్ నావి పిళ్లైకి ప్రకటించింది. శాంతి, అంతర్జాతీయ చట్టాన్ని ప్రోత్సహించడానికి ఆమె చేసిన కృషిని గుర్తించింది. ఈ వివరాలు అధికారిక నోబెల్ ప్రకటనలో ఉన్నాయి.
gk_20261010_world_1__en	2026 Nobel Peace Prize. On October 9, the Norwegian Nobel Committee announced the 2026 Nobel Peace Prize for Navanethem Navi Pillay. It recognised her efforts to promote peace and international law. These details come from the official Nobel announcement.
gk_20261010_telangana_2	తెలంగాణ ఆవిర్భావ తేదీ. తెలంగాణ రాష్ట్రం 2014 జూన్ 2న ఏర్పడింది. ఇది స్థిరమైన సాధారణ జ్ఞాన అంశం; అక్టోబర్ 10న జరిగిన కొత్త సంఘటన కాదు. ఈ సంచిక కోసం అధికారిక మూలాన్ని మళ్లీ తనిఖీ చేశాం.
gk_20261010_telangana_2__en	Telangana formation date. Telangana became a state on June 2, 2014. This is static GK, not a new event on October 10. The official source was checked again for this edition.
gk_20261010_india_2	అశోక చక్రంలోని ఆకులు. భారత జాతీయ పతాకంలోని తెలుపు పట్టీ మధ్యలో నీలి రంగు అశోక చక్రం ఉంటుంది. దానికి సమాన దూరంలో 24 ఆకులు ఉంటాయి. ఇది స్థిరమైన సాధారణ జ్ఞాన విషయం.
gk_20261010_india_2__en	Spokes of the Ashoka Chakra. The white band of India's national flag has a navy-blue Ashoka Chakra in its centre. The wheel has 24 equally spaced spokes. This is static GK.
gk_20261010_world_2	ఐక్యరాజ్యసమితి చార్టర్ సమావేశం. 1945 ఏప్రిల్ 25 నుంచి జూన్ 26 వరకు శాన్ ఫ్రాన్సిస్కోలో 50 దేశాల ప్రతినిధులు సమావేశమై ఐక్యరాజ్యసమితి చార్టర్‌ను రూపొందించి సంతకం చేశారు. సంస్థ అధికారికంగా అక్టోబర్ 24న ప్రారంభమైంది. సమావేశం తేదీలు, సంస్థ ప్రారంభ తేదీ వేరు.
gk_20261010_world_2__en	The UN Charter conference. Representatives of 50 countries met in San Francisco from April 25 to June 26, 1945, to draft and sign the UN Charter. The organisation officially began on October 24. The conference dates and the organisation's starting date are different.
gk_20261010_reading_1	ఆదేశం, ఫలితం వేరు. అక్టోబర్ 9న వచ్చిన వార్తలో సింథటిక్ మాంజా అమ్మకాలను అరికట్టాలని అధికారులు ఆదేశించినట్లు ఉంది. ఈ గాలిపటం దారం వల్ల మనుషులకు, పక్షులకు ప్రమాదాలు ఉంటాయని విద్యార్థులు, తల్లిదండ్రులకు అవగాహన కల్పించాలని కూడా సూచించారు. వార్తలో ఆదేశించారు అనే మాట ముఖ్యమైనది. అది చేయాల్సిన పనిని చెబుతుంది. అన్ని అమ్మకాలు ఆగిపోయాయి అనే వాక్యం మాత్రం ఫలితం గురించి చెబుతుంది. ఈ నివేదికలో ఆ ఫలితానికి నిర్ధారణ లేదు. వార్తను మన మాటల్లో చెప్పేటప్పుడు ఆదేశాన్ని ఫలితంగా మార్చకూడదు. ప్రమాదకర దారాన్ని తాకి పరీక్షించడం ఈ పాఠ్యం సూచించడం లేదు.
gk_20261010_reading_1__en	An instruction and an outcome are different. An October 9 report says officials directed action against synthetic manja sales. They also asked for awareness among students and parents about the danger this kite string poses to people and birds. The word directed matters. It describes work to be done. The sentence all sales have stopped would describe an outcome. This report does not verify that outcome. When restating news, do not turn an instruction into a result. This passage does not suggest touching or testing dangerous string.
gk_20261010_reading_2	వర్క్‌షాప్ నుంచి అమలు వరకు. పీఐబీ అక్టోబర్ 9 ప్రకటన ప్రకారం, న్యూఢిల్లీలో ఏఐ ఫర్ గుడ్ ల్యాబ్ వర్క్‌షాప్ జరిగింది. టెలికమ్యూనికేషన్స్ విభాగం, ఐటీయూ దీనిని సంయుక్తంగా నిర్వహించాయి. విధాన సన్నద్ధత, నైపుణ్యాలు, ప్రజా ఏఐ మౌలిక సదుపాయాలు అనే మూడు అంశాలను చర్చించారు. ఒక వర్క్‌షాప్‌లో చర్చ జరగడం, పరిష్కారం పరీక్షించడం, పెద్ద స్థాయిలో అమలు చేయడం వేర్వేరు దశలు. పరిష్కారాలను విస్తరించే ముందు భద్రత, న్యాయబద్ధత, నమ్మకాన్ని పరీక్షించాల్సిన అవసరాన్ని ప్రకటన పేర్కొంది. వార్తను చదివేటప్పుడు ఏ దశ పూర్తయిందో, ఏది లక్ష్యమో వేరు చేయడం ముఖ్యం.
gk_20261010_reading_2__en	From workshop to implementation. According to PIB's October 9 release, an AI for Good Lab workshop took place in New Delhi. The Department of Telecommunications and ITU organised it jointly. It discussed readiness and policy, skills, and public AI infrastructure. Discussing an idea, testing a solution and using it at scale are different stages. The release described checking safety, fairness and reliability before expanding solutions. A careful reader separates a completed stage from a goal. A workshop is evidence of discussion, not proof that all proposed services are already available.
gk_20261010_q1	మాంజా ప్రమాదాలపై ఎవరికి అవగాహన కల్పించాలని సూచించారు? 1. రచయితలకు మాత్రమే. 2. విద్యార్థులు, తల్లిదండ్రులకు. 3. శాస్త్రవేత్తలకు మాత్రమే. 4. ఎవరికీ కాదు.
gk_20261010_q1_answer	సరైన సమాధానం: విద్యార్థులు, తల్లిదండ్రులకు. విద్యార్థులు, తల్లిదండ్రులకు అవగాహన కల్పించాలని అధికారులు సూచించారు.
gk_20261010_q1__en	Who should receive awareness about manja dangers? 1. Only authors. 2. Students and parents. 3. Only scientists. 4. Nobody.
gk_20261010_q1_answer__en	Correct answer: Students and parents. Officials asked for awareness among students and parents.
gk_20261010_q2	ఏఐ ఫర్ గుడ్ వర్క్‌షాప్ ఎక్కడ జరిగింది? 1. టోక్యో. 2. శాన్ ఫ్రాన్సిస్కో. 3. న్యూఢిల్లీ. 4. దక్షిణ ధ్రువం.
gk_20261010_q2_answer	సరైన సమాధానం: న్యూఢిల్లీ. పీఐబీ ప్రకారం వర్క్‌షాప్ న్యూఢిల్లీలో జరిగింది.
gk_20261010_q2__en	Where was the AI for Good workshop held? 1. Tokyo. 2. San Francisco. 3. New Delhi. 4. The South Pole.
gk_20261010_q2_answer__en	Correct answer: New Delhi. PIB reports that the workshop was held in New Delhi.
gk_20261010_q3	2026 నోబెల్ శాంతి బహుమతి ఎవరికి ప్రకటించారు? 1. నావి పిళ్లై. 2. ఐజాక్ న్యూటన్. 3. సి.వి. రామన్. 4. ప్రతి విద్యార్థికి.
gk_20261010_q3_answer	సరైన సమాధానం: నావి పిళ్లై. అధికారిక అక్టోబర్ 9 ప్రకటన నావి పిళ్లై పేరు పేర్కొంది.
gk_20261010_q3__en	Who was announced as the 2026 Nobel Peace Prize recipient? 1. Navi Pillay. 2. Isaac Newton. 3. C. V. Raman. 4. Every student.
gk_20261010_q3_answer__en	Correct answer: Navi Pillay. The official October 9 announcement names Navi Pillay.
gk_20261010_q4	తెలంగాణ ఆవిర్భావ తేదీ ఏమిటి? 1. 1945 అక్టోబర్ 24. 2. 1947 జూలై 22. 3. 1950 జనవరి 26. 4. 2014 జూన్ 2.
gk_20261010_q4_answer	సరైన సమాధానం: 2014 జూన్ 2. తెలంగాణ 2014 జూన్ 2న ఏర్పడింది.
gk_20261010_q4__en	What is Telangana's formation date? 1. October 24, 1945. 2. July 22, 1947. 3. January 26, 1950. 4. June 2, 2014.
gk_20261010_q4_answer__en	Correct answer: June 2, 2014. Telangana became a state on June 2, 2014.
gk_20261010_q5	అశోక చక్రంలో ఎన్ని ఆకులు ఉంటాయి? 1. 12. 2. 24. 3. 50. 4. 100.
gk_20261010_q5_answer	సరైన సమాధానం: 24. జాతీయ పతాకంలోని అశోక చక్రంలో 24 ఆకులు ఉంటాయి.
gk_20261010_q5__en	How many spokes does the Ashoka Chakra have? 1. 12. 2. 24. 3. 50. 4. 100.
gk_20261010_q5_answer__en	Correct answer: 24. The Ashoka Chakra in the national flag has 24 spokes.
gk_20261010_q6	1945 చార్టర్ సమావేశంలో ఎన్ని దేశాల ప్రతినిధులు పాల్గొన్నారు? 1. 24. 2. 10. 3. 50. 4. 100.
gk_20261010_q6_answer	సరైన సమాధానం: 50. ఐక్యరాజ్యసమితి చరిత్ర పేజీ 50 దేశాల ప్రతినిధులను పేర్కొంది.
gk_20261010_q6__en	Representatives of how many countries attended the 1945 Charter conference? 1. 24. 2. 10. 3. 50. 4. 100.
gk_20261010_q6_answer__en	Correct answer: 50. The UN history page names representatives of 50 countries.
gk_20261010_q7	నివేదిక ఏ విషయాన్ని నిర్ధారిస్తుంది? 1. అధికారులు చర్యలకు ఆదేశించారు. 2. అన్ని అమ్మకాలు ఆగిపోయాయి. 3. అన్ని దారాలు సురక్షితం. 4. ప్రమాదం లేదు.
gk_20261010_q7_answer	సరైన సమాధానం: అధికారులు చర్యలకు ఆదేశించారు. నివేదిక ఆదేశాలను చెబుతుంది; అన్ని అమ్మకాలు ఆగినట్లు నిర్ధారించదు.
gk_20261010_q7__en	What does the report confirm? 1. Officials directed action. 2. All sales have stopped. 3. All strings are safe. 4. There is no danger.
gk_20261010_q7_answer__en	Correct answer: Officials directed action. The report describes instructions, not confirmation that all sales stopped.
gk_20261010_q8	ఆదేశాన్ని ఫలితంగా మార్చి రాయడం ఎందుకు తప్పు? 1. వార్త చిన్నదవుతుంది. 2. రంగులు మారతాయి. 3. అక్షరాలు ఎక్కువవుతాయి. 4. అది ఆధారం చెప్పని విషయాన్ని చేర్చుతుంది.
gk_20261010_q8_answer	సరైన సమాధానం: అది ఆధారం చెప్పని విషయాన్ని చేర్చుతుంది. ఫలితం నిర్ధారించకపోతే పూర్తయిందని చెప్పకూడదు.
gk_20261010_q8__en	Why is it wrong to describe an instruction as an outcome? 1. It makes the news short. 2. Colours change. 3. It adds letters. 4. It adds a claim the evidence does not support.
gk_20261010_q8_answer__en	Correct answer: It adds a claim the evidence does not support. Do not claim completion when the outcome is unverified.
gk_20261010_q9	వర్క్‌షాప్‌ను సంయుక్తంగా నిర్వహించిన సంస్థలు ఏవి? 1. పాఠశాల, ఆసుపత్రి. 2. టెలికమ్యూనికేషన్స్ విభాగం, ఐటీయూ. 3. నోబెల్ కమిటీ, పాఠశాల. 4. ఒక క్రీడా జట్టు.
gk_20261010_q9_answer	సరైన సమాధానం: టెలికమ్యూనికేషన్స్ విభాగం, ఐటీయూ. టెలికమ్యూనికేషన్స్ విభాగం, ఐటీయూ సంయుక్త నిర్వాహకులు.
gk_20261010_q9__en	Which organisations jointly held the workshop? 1. A school and hospital. 2. The Department of Telecommunications and ITU. 3. The Nobel Committee and a school. 4. A sports team.
gk_20261010_q9_answer__en	Correct answer: The Department of Telecommunications and ITU. The Department of Telecommunications and ITU were the joint organisers.
gk_20261010_q10	వర్క్‌షాప్ జరగడం దేనికి ఆధారం? 1. అన్ని సేవలు అందుబాటులో ఉన్నాయి. 2. ప్రతి సమస్య పరిష్కారమైంది. 3. చర్చ జరిగింది. 4. పరీక్ష అవసరం లేదు.
gk_20261010_q10_answer	సరైన సమాధానం: చర్చ జరిగింది. వర్క్‌షాప్ చర్చ జరిగినట్లు చూపుతుంది; ప్రతి పరిష్కారం అమలైనట్లు కాదు.
gk_20261010_q10__en	What does holding a workshop provide evidence of? 1. All services are available. 2. Every problem is solved. 3. Discussion took place. 4. Testing is unnecessary.
gk_20261010_q10_answer__en	Correct answer: Discussion took place. A workshop shows that discussion occurred, not that every solution was deployed.
